player_id,name,position,jersey_number,age,date_of_birth,height,caps,goals,plays
336722,Alan PULIDO,Forward,11,23,08.03.1991,176,5,4,True
368902,Adam TAGGART,Forward,9,21,02.06.1993,172,4,3,True
362641,Reza GHOOCHANNEJAD,Forward,16,26,20.09.1987,181,13,9,False
314197,NEYMAR,Forward,10,22,05.02.1992,175,48,31,False
212306,Didier DROGBA,Forward,11,36,11.03.1978,180,100,61,False
229884,David VILLA,Forward,7,32,03.12.1981,175,95,56,True
305372,Abel HERNANDEZ,Forward,8,23,08.08.1990,186,12,7,False
228599,Javier HERNANDEZ,Forward,14,26,01.06.1988,175,61,35,False
300409,Edin DZEKO,Forward,11,28,17.03.1986,192,62,35,False
184615,Klaas Jan HUNTELAAR,Forward,19,30,12.08.1983,187,61,34,False
271550,Gonzalo HIGUAIN,Forward,9,26,10.12.1987,184,36,20,False
227851,Oribe PERALTA,Forward,19,30,12.01.1984,177,27,15,True
354859,Islam SLIMANI,Forward,13,26,18.06.1988,188,19,10,False
182206,Miroslav KLOSE,Forward,11,36,09.06.1978,182,131,68,False
217315,Robin VAN PERSIE,Forward,9,30,06.08.1983,186,84,43,False
286278,Shinji OKAZAKI,Forward,9,28,16.04.1986,174,75,38,False
270775,Luis SUAREZ,Forward,9,27,24.01.1987,181,77,39,False
233952,FRED,Forward,9,30,03.10.1983,186,32,16,True
312316,Eric CHOUPO MOTING,Forward,13,25,23.03.1989,190,26,13,False
356411,Fabian SCHAER,Defender,22,22,20.12.1991,186,6,3,True
338673,Uche NWOFOR,Forward,19,22,17.09.1991,177,6,3,False
373224,Rickie LAMBERT,Forward,18,32,16.02.1982,188,4,2,True
379894,Miiko ALBORNOZ,Defender,3,23,30.11.1990,180,2,1,False
208353,Asamoah GYAN,Forward,3,28,22.11.1985,186,77,38,False
296994,El Arabi SOUDANI,Forward,15,26,25.11.1987,177,21,10,False
339508,Chris WONDOLOWSKI,Forward,18,31,28.01.1983,182,19,9,True
213001,Tim CAHILL,Forward,4,34,06.12.1979,180,68,32,False
214384,EDUARDO_1,Forward,22,31,25.02.1983,177,62,29,False
170667,Samuel ETOO,Forward,9,33,10.03.1981,181,117,54,False
271414,Carlo COSTLY,Forward,13,31,18.07.1982,190,68,31,True
275096,Yoichiro KAKITANI,Forward,11,24,03.01.1990,177,11,5,True
270301,Eduardo VARGAS,Forward,11,24,20.11.1989,175,29,13,False
201200,CRISTIANO RONALDO,Forward,7,29,05.02.1985,185,110,49,False
323623,Jerry BENGTSON,Forward,11,27,08.04.1987,187,43,19,False
229397,Lionel MESSI,Forward,10,26,24.06.1987,169,84,37,False
235097,Mubarak WAKASO,Midfielder,22,23,25.07.1990,171,16,7,False
356399,Josip DRMIC,Forward,19,21,08.08.1992,182,7,3,False
196842,Wayne ROONEY,Forward,10,28,24.10.1985,176,90,38,True
228528,Sergio AGUERO,Forward,20,26,02.06.1988,172,50,21,False
309716,Teofilo GUTIERREZ,Forward,9,29,17.05.1985,180,29,12,False
301059,Mario BALOTELLI,Forward,9,23,12.08.1990,189,29,12,True
364763,Emmanuel EMENIKE,Forward,9,27,10.05.1987,182,22,9,False
196789,Lukas PODOLSKI,Forward,10,29,04.06.1985,180,113,46,False
187203,HELDER POSTIGA,Forward,23,31,02.08.1982,182,67,27,False
367261,Nabil GHILAS,Forward,9,24,20.04.1990,183,5,2,False
207761,PARK Chuyoung,Forward,10,28,10.07.1985,183,62,24,False
306548,Andre SCHUERRLE,Forward,9,23,06.11.1990,184,32,12,False
275136,Yuya OSAKO,Forward,18,24,18.05.1990,182,8,3,False
300411,Vedad IBISEVIC,Forward,9,29,06.08.1984,189,55,20,False
233500,Keisuke HONDA,Forward,4,28,13.06.1986,182,55,20,False
274034,Danny WELBECK,Forward,11,23,26.11.1990,184,22,8,True
306532,Daniel STURRIDGE,Forward,9,24,01.09.1989,179,11,4,True
319470,Mario GAVRANOVIC,Forward,17,24,24.11.1989,175,11,4,True
318601,Pedro RODRIGUEZ,Forward,11,26,28.07.1987,169,39,14,True
319311,Marco FABIAN,Midfielder,8,24,21.07.1989,171,14,5,True
321722,Thomas MUELLER,Forward,13,24,13.09.1989,186,48,17,True
214135,Pierre WEBO,Forward,15,32,20.01.1982,180,54,19,False
352394,Marco REUS,Forward,21,25,31.05.1989,180,20,7,True
207851,Clint DEMPSEY,Forward,8,31,09.03.1983,185,103,36,True
353118,Wilfried BONY,Forward,12,25,10.12.1988,182,23,8,False
230517,Theofanis GEKAS,Forward,17,34,23.05.1980,179,71,24,False
183864,Fernando TORRES,Forward,9,30,20.03.1984,186,107,36,False
216970,Salomon KALOU,Forward,8,28,05.08.1985,175,66,22,False
228627,Alexis SANCHEZ,Forward,7,25,19.12.1988,169,66,22,False
291393,KOO Jacheol,Forward,13,25,27.02.1989,182,36,12,False
298681,Jeremain LENS,Forward,17,26,24.11.1987,178,21,7,False
229506,Cristhian STUANI,Forward,11,27,12.10.1986,186,9,3,False
373400,Enner VALENCIA,Forward,13,24,04.11.1989,179,9,3,False
186455,Shola AMEOBI,Forward,23,32,12.10.1981,188,6,2,False
218306,WILLIAN,Midfielder,19,25,09.08.1988,176,6,2,False
358891,Oleg SHATOV,Midfielder,17,23,29.07.1990,176,6,2,True
306900,Okechukwu UCHEBO,Forward,20,24,03.02.1990,194,3,1,False
336435,Antoine GRIEZMANN,Forward,11,23,21.03.1991,175,3,1,False
189259,Diego FORLAN,Forward,10,35,19.05.1979,181,109,36,False
267834,Edinson CAVANI,Forward,21,27,14.02.1987,188,61,20,False
268596,Shinji KAGAWA,Forward,10,25,17.03.1989,172,56,18,False
214410,HUGO ALMEIDA,Forward,9,30,23.05.1984,193,54,17,False
305036,Mesut OEZIL,Midfielder,8,25,15.10.1988,180,54,17,False
186808,Aleksandr KERZHAKOV,Forward,11,31,27.11.1982,175,80,25,True
217172,JO,Forward,21,27,20.03.1987,191,16,5,True
358112,Romelu LUKAKU,Forward,9,21,13.05.1993,190,29,9,False
216071,Zvjezdan MISIMOVIC,Midfielder,10,32,05.06.1982,180,81,25,False
196812,Ashkan DEJAGAH,Forward,21,27,05.07.1986,182,13,4,False
228715,Felipe CAICEDO,Forward,11,25,05.09.1988,183,49,15,False
270144,Marcos URENA,Forward,21,24,05.03.1990,179,23,7,False
349572,Jaimen AYOVI,Forward,17,26,21.02.1988,186,30,9,False
312868,OSCAR,Midfielder,11,22,09.09.1991,181,30,9,False
349512,Carlos BACCA,Forward,17,27,08.09.1986,181,10,3,False
366573,Saphir TAIDER,Midfielder,19,22,29.02.1992,179,10,3,False
184616,Arjen ROBBEN,Forward,11,30,23.01.1984,180,74,22,False
313832,Jackson MARTINEZ,Forward,21,27,03.10.1986,186,27,8,False
330689,JI Dongwon,Midfielder,19,23,28.05.1991,186,27,8,False
238072,Jozy ALTIDORE,Forward,17,24,06.11.1989,185,68,20,False
313874,Esteban PAREDES,Forward,22,33,01.08.1980,179,34,10,True
297383,Roman SHIROKOV,Midfielder,15,32,06.07.1981,183,41,12,True
297103,Karim BENZEMA,Forward,10,26,19.12.1987,185,65,19,False
297839,Konan YA,Midfielder,13,30,22.05.1984,174,24,7,False
268149,LEE Keunho,Forward,11,29,11.04.1985,177,63,18,True
274090,Victor MOSES,Forward,11,23,12.12.1990,177,21,6,False
184291,Maxi RODRIGUEZ,Midfielder,11,33,02.01.1981,180,53,15,True
185385,Frank LAMPARD,Midfielder,8,36,20.06.1978,181,103,29,True
307529,Joel CAMPBELL,Forward,9,21,26.06.1992,178,32,9,False
177927,Antonio CASSANO,Forward,10,31,12.07.1982,175,36,10,True
319358,Sofiane FEGHOULI,Forward,10,24,26.12.1989,177,18,5,False
267811,Juan MATA,Forward,13,26,28.04.1988,171,33,9,False
321653,Xherdan SHAQIRI,Midfielder,23,22,10.10.1991,169,33,9,False
185641,Javad NEKOUNAM,Midfielder,6,33,07.09.1980,188,137,37,False
215002,Wesley SNEIJDER,Midfielder,10,30,09.06.1984,171,98,26,False
375518,Mario MANDZUKIC,Forward,17,28,21.05.1986,188,49,13,False
318172,HULK,Forward,7,27,25.07.1986,179,34,9,False
183000,Sulley MUNTARI,Midfielder,11,29,27.08.1984,179,80,21,False
318768,Konstantinos MITROGLOU,Forward,9,26,12.03.1988,188,31,8,False
200176,David SILVA,Midfielder,21,28,08.01.1986,170,79,20,False
290186,GERVINHO,Forward,10,27,27.05.1987,179,52,13,False
302539,Alan DZAGOEV,Midfielder,10,24,17.06.1990,178,32,8,True
309316,Mario GOETZE,Forward,19,22,03.06.1992,176,28,7,True
307849,SON Heungmin,Midfielder,9,21,08.07.1992,183,24,6,False
367393,Majeed WARIS,Forward,18,22,19.09.1991,172,12,3,False
375459,Fidel MARTINEZ,Midfielder,20,24,15.02.1990,176,8,2,False
367347,Aron JOHANNSSON,Forward,9,23,10.11.1990,182,8,2,False
356403,Izet HAJROVIC,Midfielder,20,22,04.08.1991,177,8,2,False
275112,Manabu SAITO,Forward,20,24,04.04.1990,169,4,1,True
319438,Georginio WIJNALDUM,Midfielder,20,23,11.11.1990,175,4,1,True
359235,Lorenzo INSIGNE,Forward,22,23,04.06.1991,163,4,1,True
379972,Acquah AFRIYIE,Midfielder,6,22,01.05.1992,162,4,1,False
369058,Ante REBIC,Forward,16,20,21.09.1993,185,4,1,False
217313,Dirk KUYT,Forward,15,33,22.07.1980,184,98,24,False
358015,Olivier GIROUD,Forward,9,27,30.09.1986,192,29,7,False
358048,Alexander KOKORIN,Forward,9,23,19.03.1991,182,21,5,True
196752,Bastian SCHWEINSTEIGER,Midfielder,7,29,01.08.1984,183,101,23,True
358120,Kevin DE BRUYNE,Midfielder,7,22,28.06.1991,181,22,5,False
330659,Karim ANSARI FARD,Forward,10,24,03.04.1990,185,40,9,True
300235,Victor FAYZULIN,Midfielder,20,28,22.04.1986,176,18,4,True
213953,Jerry PALACIOS,Midfielder,9,32,13.05.1982,181,23,5,False
356198,Alex OXLADE CHAMBERLAIN,Midfielder,15,20,15.08.1993,180,14,3,True
236530,Celso BORGES,Midfielder,5,26,27.05.1988,184,61,13,False
214876,Bryan RUIZ,Forward,10,28,18.08.1985,187,62,13,False
299878,Loic REMY,Forward,20,27,02.01.1987,185,24,5,False
234551,Giovani DOS SANTOS,Forward,10,25,11.05.1989,179,73,15,False
237058,Randall BRENES,Forward,14,30,13.08.1983,170,39,8,True
290452,Jefferson MONTERO,Midfielder,7,24,01.09.1989,170,39,8,False
290903,Kevin MIRALLAS,Forward,11,26,05.10.1987,179,44,9,False
266800,Angel DI MARIA,Midfielder,7,26,14.02.1988,178,45,9,False
362727,PAULINHO,Midfielder,8,25,25.07.1988,181,25,5,False
306954,Jordi ALBA,Defender,18,25,21.03.1989,170,25,5,True
367388,Paul POGBA,Midfielder,19,21,15.03.1993,192,10,2,False
359217,Marco VERRATTI,Midfielder,23,21,05.11.1992,168,5,1,False
379886,Alireza JAHAN BAKHSH,Forward,9,20,11.08.1993,181,5,1,False
187258,Ivica OLIC,Forward,18,34,14.09.1979,183,91,18,False
248373,Franck RIBERY,Forward,7,31,07.04.1983,175,81,16,False
198106,Yaya TOURE,Midfielder,19,31,13.05.1983,189,82,16,False
254167,NANI,Forward,17,27,17.11.1986,175,73,14,False
214961,Steven GERRARD,Midfielder,4,34,30.05.1980,185,110,21,True
269058,James RODRIGUEZ,Midfielder,10,22,12.07.1991,180,21,4,False
210704,Darijo SRNA,Defender,11,32,01.05.1982,182,111,21,False
216435,Alexander SAMEDOV,Forward,19,29,19.07.1984,178,16,3,True
254166,VARELA,Forward,18,29,02.02.1985,180,22,4,True
355997,Christian ATSU,Midfielder,7,22,10.01.1992,165,22,4,False
178299,Mark BRESCIANO,Midfielder,23,34,11.02.1980,182,73,13,False
297705,Santi CAZORLA,Midfielder,20,29,13.12.1984,169,63,11,False
356731,Raul JIMENEZ,Forward,9,23,05.05.1991,186,23,4,True
215513,Dimitrios SALPINGIDIS,Forward,14,32,18.08.1981,171,75,13,True
214228,Peter ODEMWINGIE,Forward,8,32,15.07.1981,181,60,10,False
299198,Miralem PJANIC,Midfielder,8,24,02.04.1990,180,48,8,False
358024,Ioannis FETFATZIDIS,Forward,18,23,21.12.1990,164,18,3,False
367913,DANTE,Defender,13,30,18.10.1983,189,12,2,False
196897,Kevin Prince BOATENG,Forward,9,27,06.03.1987,182,12,2,False
371044,Miguel LAYUN,Defender,7,25,25.06.1988,178,12,2,True
353235,Jordan AYEW,Forward,13,22,11.09.1991,160,12,2,False
208016,FERNANDINHO,Midfielder,5,29,04.05.1985,179,6,1,False
316997,Enzo PEREZ,Midfielder,8,28,22.02.1986,177,6,1,False
356407,Michael LANG,Defender,6,23,08.02.1991,185,6,1,True
178842,Edison MENDEZ,Midfielder,8,35,16.03.1979,175,110,18,False
290902,Marouane FELLAINI,Midfielder,8,26,22.11.1987,194,50,8,False
201787,Mauricio PINILLA,Forward,9,30,04.02.1984,185,25,4,False
209119,Daniele DE ROSSI,Midfielder,16,30,24.07.1983,182,94,15,True
175524,Michael ESSIEN,Midfielder,5,31,03.12.1982,180,57,9,False
312672,Mix DISKERUD,Midfielder,10,23,02.10.1990,182,19,3,False
316117,Nikica JELAVIC,Forward,9,28,27.08.1985,187,32,5,False
311558,Granit XHAKA,Midfielder,10,21,27.09.1992,183,26,4,False
217117,Carlos VALDES,Defender,23,29,22.05.1985,189,13,2,False
297106,Mathieu VALBUENA,Midfielder,8,29,28.09.1984,167,33,5,True
267543,Arturo VIDAL,Midfielder,8,27,22.05.1987,178,53,8,False
358108,Nacer CHADLI,Midfielder,22,24,02.08.1989,187,20,3,False
274946,Emmanuel AGYEMANG BADU,Midfielder,8,23,02.12.1990,173,47,7,False
175498,DaMarcus BEASLEY,Defender,7,32,24.05.1982,170,115,17,False
200179,Cesc FABREGAS,Midfielder,10,27,04.05.1987,175,88,13,True
296633,Ivan RAKITIC,Midfielder,7,26,10.03.1988,184,61,9,False
212410,KWAK Taehwi,Defender,4,32,08.07.1981,185,34,5,False
215623,Alberto AQUILANI,Midfielder,14,29,07.07.1984,184,34,5,True
233531,Michael BRADLEY,Midfielder,4,26,31.07.1987,185,84,12,False
233167,Haris MEDUNJANIN,Midfielder,18,29,08.03.1985,188,35,5,False
207906,JUANFRAN,Defender,5,29,09.01.1985,180,7,1,True
298892,Augusto FERNANDEZ,Midfielder,13,28,10.04.1986,177,7,1,False
354875,Abdelmoumene DJABOU,Forward,18,27,31.01.1987,168,7,1,False
372989,Ermin BICAKCIC,Defender,3,24,24.01.1990,185,7,1,False
321697,Mathew LECKIE,Forward,7,23,04.02.1991,181,7,1,False
367396,Fabrice OLINGA,Forward,19,18,12.05.1996,177,7,1,False
251352,Andres GUARDADO,Defender,18,27,28.09.1986,167,101,14,False
229392,Ezequiel LAVEZZI,Forward,22,29,03.05.1985,173,29,4,False
207528,Xabi ALONSO,Midfielder,14,32,25.11.1981,183,109,15,True
210214,RAUL MEIRELES,Midfielder,16,31,17.03.1983,179,73,10,False
360728,Graham ZUSI,Midfielder,19,27,18.08.1986,177,22,3,True
209979,Tranquillo BARNETTA,Midfielder,7,29,22.05.1985,178,74,10,False
344714,Ahmed MUSA,Forward,7,21,14.10.1992,176,37,5,False
273996,Eden HAZARD,Midfielder,10,23,07.01.1991,172,45,6,False
218284,MARCELO,Defender,6,26,12.05.1988,174,30,4,False
358736,Bruno MARTINS INDI,Defender,4,22,08.02.1992,186,15,2,True
305764,Gary CAHILL,Defender,5,28,19.12.1985,191,23,3,True
210213,BRUNO ALVES,Defender,2,32,27.11.1981,187,71,9,False
375523,Daniel VAN BUYTEN,Defender,15,36,07.02.1978,196,79,10,False
178119,Rafael MARQUEZ,Defender,4,35,13.02.1979,184,119,15,True
183857,Andres INIESTA,Midfielder,6,30,11.05.1984,170,96,12,True
297331,Valentin STOCKER,Midfielder,14,25,12.04.1989,179,24,3,True
349592,Eugenio MENA,Defender,2,25,18.07.1988,174,24,3,False
296118,Benjamin MOUKANDJO,Forward,8,25,12.11.1988,178,16,2,False
349517,Victor IBARBO,Forward,14,24,19.05.1990,188,8,1,False
177876,Andrea PIRLO,Midfielder,21,35,19.05.1979,177,108,13,True
353119,Max GRADEL,Midfielder,15,26,30.11.1987,177,25,3,False
275162,Toni KROOS,Midfielder,18,24,04.01.1990,182,43,5,True
358049,Denis GLUSHAKOV,Midfielder,8,27,27.01.1987,182,26,3,True
305378,Nicolas LODEIRO,Midfielder,14,25,21.03.1989,173,26,3,False
202544,Antonio VALENCIA,Midfielder,16,28,04.08.1985,180,70,8,False
184545,Segundo CASTILLO,Midfielder,14,32,15.05.1982,180,81,9,False
216567,Cristian RODRIGUEZ,Midfielder,7,28,30.09.1985,178,72,8,False
268414,LEE Chungyong,Midfielder,17,25,02.07.1988,180,54,6,False
289195,Paul AGUILAR,Defender,22,28,06.03.1986,178,27,3,True
321745,KIM Shinwook,Forward,18,26,14.04.1988,196,27,3,True
309714,Juan CUADRADO,Midfielder,11,26,26.05.1988,178,27,3,False
291389,KIM Bokyung,Midfielder,7,24,06.10.1989,178,27,3,False
274135,Mamadou SAKHO,Defender,5,24,13.02.1990,186,18,2,False
295153,Ahmad ALNAMEH,Defender,17,31,20.10.1982,189,9,1,True
268594,Masato MORISHIGE,Defender,6,27,21.05.1987,183,9,1,True
369990,Rony MARTINEZ,Forward,16,26,16.10.1987,171,9,1,True
336837,Diego CALVO,Midfielder,20,23,25.03.1991,178,9,1,False
297112,Georgios SAMARAS,Forward,7,29,21.02.1985,192,73,8,False
241559,Luka MODRIC,Midfielder,10,28,09.09.1985,173,74,8,False
228336,Vasileios TOROSIDIS,Defender,15,29,10.06.1985,185,65,7,False
229502,Alvaro PEREIRA,Midfielder,6,28,28.11.1985,182,56,6,False
359381,Ivan PERISIC,Midfielder,4,25,02.02.1989,187,28,3,False
349574,Michael ARROYO,Midfielder,15,27,23.04.1987,178,19,2,False
198243,Abel AGUILAR,Midfielder,8,29,06.01.1985,187,48,5,False
290821,Axel WITSEL,Midfielder,6,25,12.01.1989,183,48,5,False
237949,Andranik TIMOTIAN,Midfielder,14,31,06.03.1983,178,77,8,True
298582,John BOYE,Defender,21,27,23.04.1987,160,29,3,False
213170,Masoud SHOJAEI,Forward,7,30,09.06.1984,185,49,5,False
358011,Mathieu DEBUCHY,Defender,2,28,28.07.1985,178,20,2,False
318150,Charles ARANGUIZ,Midfielder,20,25,17.04.1989,171,20,2,False
290605,James TROISI,Midfielder,14,25,03.07.1988,177,10,1,True
356669,BERNARD,Forward,20,21,08.09.1992,166,10,1,False
181406,MAICON,Defender,23,32,26.07.1981,186,71,7,False
227839,Marvin CHAVEZ,Midfielder,10,30,03.11.1983,156,41,4,False
304934,Roger ESPINOZA,Midfielder,15,27,25.10.1986,180,41,4,False
239433,Diego LUGANO,Defender,2,33,02.11.1980,188,93,9,False
300407,Sejad SALIHOVIC,Midfielder,23,29,08.10.1984,182,42,4,False
298959,RAMIRES,Midfielder,16,27,24.03.1987,181,42,4,False
230739,Rodrigo PALACIO,Forward,18,32,05.02.1982,175,21,2,False
209989,Philippe SENDEROS,Defender,4,29,14.02.1985,190,53,5,False
197514,Mile JEDINAK,Midfielder,15,29,03.08.1984,188,43,4,False
177855,Xavi HERNANDEZ,Midfielder,8,34,25.01.1980,170,131,12,True
300402,Senijad IBRICIC,Midfielder,17,28,26.09.1985,185,44,4,False
290800,Dario VIDOSIC,Midfielder,20,27,08.04.1987,185,22,2,False
365464,Juan MONTES,Defender,4,28,26.12.1985,196,11,1,True
311554,Haris SEFEROVIC,Forward,9,22,22.02.1992,187,11,1,False
358692,Julian DRAXLER,Midfielder,14,20,20.09.1993,185,11,1,True
184447,Walter AYOVI,Midfielder,10,34,11.08.1979,173,89,8,False
180936,Yoshito OKUBO,Forward,13,32,09.06.1982,170,56,5,True
290825,Moussa DEMBELE,Midfielder,19,26,16.07.1987,185,56,5,False
196900,Sami KHEDIRA,Midfielder,6,27,04.04.1987,189,45,4,False
268406,KI Sungyueng,Midfielder,16,25,24.01.1989,186,58,5,False
294620,Andre AYEW,Midfielder,10,24,17.12.1989,175,47,4,False
177768,Yasuhito ENDO,Midfielder,7,34,28.01.1980,178,143,12,True
218253,Carlos SALCIDO,Defender,3,34,02.04.1980,176,120,10,True
209502,Jean BEAUSEJOUR,Midfielder,15,30,01.06.1984,178,60,5,False
267527,Gary MEDEL,Defender,17,26,03.08.1987,171,60,5,False
296297,Mario MARTINEZ,Midfielder,23,24,30.07.1989,173,36,3,True
183882,Hassan YEBDA,Midfielder,7,30,14.05.1984,188,24,2,False
239424,HERNANES,Midfielder,18,29,29.05.1985,180,24,2,False
358114,Dries MERTENS,Midfielder,14,27,06.05.1987,164,24,2,False
318034,Federico FERNANDEZ,Defender,17,25,21.02.1989,190,24,2,False
312432,Dejan LOVREN,Defender,6,24,05.07.1989,188,24,2,False
323698,Vincent ABOUBAKAR,Forward,10,22,22.01.1992,176,24,2,False
261029,Gokhan INLER,Midfielder,8,29,27.06.1984,181,73,6,False
214887,Konstantinos KATSOURANIS,Midfielder,21,35,21.06.1979,183,110,9,True
190962,DANI ALVES,Defender,2,31,06.05.1983,175,74,6,False
271182,Michael BARRANTES,Midfielder,11,30,04.10.1983,177,50,4,False
299960,Phil JAGIELKA,Defender,6,31,17.08.1982,183,25,2,True
200847,Adrian RAMOS,Forward,19,28,22.01.1986,184,25,2,False
281252,Fabian ORELLANA,Forward,14,28,27.01.1986,168,25,2,False
196605,Stephan LICHTSTEINER,Defender,2,30,16.01.1984,180,63,5,False
216814,Sergio RAMOS,Defender,15,28,30.03.1986,183,115,9,True
216874,Nicolas LOMBAERTS,Defender,18,29,20.03.1985,188,26,2,False
356162,Esseid BELKALEM,Defender,4,25,01.01.1989,190,13,1,False
168832,Georgios KARAGOUNIS,Midfielder,10,37,06.03.1977,176,134,10,False
199600,Jean MAKOUN,Midfielder,11,31,29.05.1983,170,67,5,False
178403,Joseph YOBO,Defender,2,33,06.09.1980,185,96,7,False
297377,Ognjen VUKOJEVIC,Midfielder,8,30,20.12.1983,184,55,4,False
278072,Jalal HOSSEINI,Defender,4,32,03.02.1982,185,83,6,True
202655,Jorge VALDIVIA,Midfielder,10,30,19.10.1983,173,56,4,False
290904,Jan VERTONGHEN,Defender,5,27,24.04.1987,189,56,4,False
197411,Mark MILLIGAN,Midfielder,5,28,04.08.1985,178,28,2,True
213124,Amirhossein SADEGHI,Defender,5,32,06.09.1981,185,14,1,True
364707,Albert ADOMAH,Midfielder,14,26,13.12.1987,162,14,1,False
303394,Carlos PENA,Midfielder,21,24,29.03.1990,176,14,1,True
306424,Tommy OAR,Midfielder,11,22,10.12.1991,170,14,1,False
269784,FABIO COENTRAO,Defender,5,26,11.03.1988,181,43,3,False
234463,John Obi MIKEL,Midfielder,10,27,22.04.1987,188,58,4,False
358013,Yohan CABAYE,Midfielder,6,28,14.01.1986,175,29,2,True
311150,Mats HUMMELS,Defender,5,25,16.12.1988,192,29,2,True
305972,Joao ROJAS,Forward,9,25,14.06.1989,173,29,2,False
216004,Vincent KOMPANY,Defender,4,28,10.04.1986,190,59,4,False
216973,Gerard PIQUE,Defender,3,27,02.02.1987,192,60,4,True
215208,Madjid BOUGUERRA,Defender,2,31,07.10.1982,189,61,4,False
294619,Kwadwo ASAMOAH,Midfielder,20,25,09.12.1988,168,61,4,False
200219,Fredy GUARIN,Midfielder,13,27,30.06.1986,187,48,3,False
3408,Mario YEPES,Defender,3,38,13.01.1976,186,97,6,False
200935,Stephane MBIA,Midfielder,17,28,20.05.1986,190,49,3,False
230114,Jorge CLAROS,Midfielder,20,28,08.01.1986,176,49,3,True
215274,Giorgio CHIELLINI,Defender,3,29,14.08.1984,192,67,4,True
268821,Giancarlo GONZALEZ,Defender,3,26,08.02.1988,192,34,2,False
295157,Hashem BEIKZADEH,Midfielder,19,30,22.01.1984,180,17,1,True
349588,Felipe GUTIERREZ,Midfielder,16,23,08.10.1990,175,17,1,False
330693,Andy NAJAR,Midfielder,17,21,16.03.1993,170,17,1,False
310048,Enoh EYONG,Midfielder,18,28,23.03.1986,180,35,2,False
268822,Jose CUBERO,Midfielder,22,27,14.02.1987,178,35,2,True
178963,Kolo TOURE,Defender,4,33,19.03.1981,183,106,6,False
297373,Vedran CORLUKA,Defender,5,28,05.02.1986,192,72,4,False
321641,Leonardo BONUCCI,Defender,19,27,01.05.1987,190,36,2,True
210212,RICARDO COSTA,Defender,13,33,16.05.1981,183,18,1,False
245156,Jose ROJAS,Defender,13,30,23.06.1983,174,18,1,True
299086,Lazaros CHRISTODOULOPOULOS,Midfielder,16,27,19.12.1986,182,18,1,False
367918,LUIZ GUSTAVO,Midfielder,17,26,23.07.1987,188,18,1,False
233703,Martin DEMICHELIS,Defender,15,33,20.12.1980,184,37,2,False
209827,Wilson PALACIOS,Midfielder,8,29,29.07.1984,181,93,5,False
275931,PEPE,Defender,3,31,26.02.1983,186,57,3,False
228936,Ignazio ABATE,Defender,7,27,12.11.1986,180,19,1,True
186787,Sergey IGNASHEVICH,Defender,4,34,14.07.1979,186,97,5,True
200262,Landry NGUEMO,Midfielder,7,28,28.11.1985,172,39,2,False
271253,Maya YOSHIDA,Defender,22,25,24.08.1988,189,40,2,False
251481,Pejman MONTAZERI,Defender,15,30,06.09.1983,186,20,1,False
233530,Marcelo DIAZ,Midfielder,21,27,30.12.1986,168,20,1,False
311148,Benedikt HOEWEDES,Defender,4,26,29.02.1988,187,20,1,True
375754,KIM Younggwon,Defender,5,24,27.02.1990,187,20,1,False
315429,Ogenyi ONAZI,Midfielder,17,21,25.12.1992,168,20,1,False
279417,Cristhian NOBOA,Midfielder,6,29,09.04.1985,181,41,2,False
267647,Uwa ECHIEJILE,Defender,3,26,20.01.1988,185,41,2,False
196748,Philipp LAHM,Midfielder,16,30,11.11.1983,170,105,5,True
207946,Souleymane BAMBA,Defender,22,29,13.01.1985,190,42,2,False
286259,Alvaro GONZALEZ,Midfielder,20,29,29.10.1984,175,42,2,False
358022,Jose CHOLEVAS,Defender,20,29,27.06.1984,184,21,1,True
313805,Heiner MORA,Defender,8,29,20.06.1984,179,21,1,True
233497,Masahiko INOHA,Defender,19,28,28.08.1985,179,21,1,True
311174,Fabian JOHNSON,Defender,23,26,11.12.1987,182,21,1,False
356409,Admir MEHMEDI,Forward,18,23,16.03.1991,183,21,1,False
183893,Jermaine JONES,Midfielder,13,32,03.11.1981,184,43,2,False
298664,Claudio MARCHISIO,Midfielder,8,28,19.01.1986,179,43,2,True
290824,Steven DEFOUR,Midfielder,16,26,15.04.1988,173,43,2,False
229439,Gonzalo JARA,Defender,18,28,29.08.1985,177,65,3,False
175689,THIAGO MOTTA,Midfielder,5,31,28.08.1982,187,22,1,False
300237,Dmitry KOMBAROV,Defender,23,27,22.01.1987,182,22,1,True
358014,Blaise MATUIDI,Midfielder,14,27,09.04.1987,175,22,1,True
299896,Domagoj VIDA,Defender,21,25,29.04.1989,184,22,1,False
289964,THIAGO SILVA,Defender,3,29,22.09.1984,182,45,2,False
291372,Yuto NAGATOMO,Defender,5,27,12.09.1986,170,69,3,False
228617,Mauricio ISLA,Defender,4,26,12.06.1988,177,46,2,False
216715,Ron VLAAR,Defender,2,29,16.02.1985,190,23,1,False
305768,Leighton BAINES,Defender,3,29,11.12.1984,172,23,1,True
229440,Jose FUENZALIDA,Midfielder,19,29,22.02.1985,170,23,1,True
339551,Brayan BECKELES,Defender,21,28,28.11.1985,186,23,1,True
200201,MIGUEL VELOSO,Midfielder,4,28,11.05.1986,181,47,2,False
216650,Gelson FERNANDES,Midfielder,16,27,02.09.1986,179,47,2,False
216627,Valon BEHRAMI,Midfielder,11,29,19.04.1985,184,48,2,False
312679,HONG Jeongho,Defender,20,24,12.08.1989,188,24,1,False
207888,Per MERTESACKER,Defender,17,29,29.09.1984,198,97,4,False
216069,Emir SPAHIC,Defender,4,33,18.08.1980,183,74,3,False
239237,Carl MEDJANI,Defender,12,29,15.05.1985,180,25,1,False
216006,Anthony VANDEN BORRE,Defender,21,26,24.10.1987,185,25,1,True
307026,Cristian GAMBOA,Defender,16,24,24.10.1989,175,25,1,False
347716,Hiroshi KIYOTAKE,Forward,8,24,12.11.1989,172,25,1,False
306634,Jonathan MENSAH,Defender,19,23,13.07.1990,182,25,1,False
213878,Victor BERNARDEZ,Defender,5,32,24.05.1982,187,76,3,False
229499,Diego GODIN,Defender,3,28,16.02.1986,185,76,3,False
186793,Vasily BEREZUTSKIY,Defender,14,32,20.06.1982,188,77,3,True
339447,Johnny ACOSTA,Defender,2,30,21.07.1983,175,26,1,True
321971,Geoff CAMERON,Defender,20,28,11.07.1985,190,26,1,False
296273,Alejandro BEDOYA,Midfielder,11,27,29.04.1987,178,26,1,False
183796,Christian BOLANOS,Midfielder,7,30,17.05.1984,178,54,2,False
296827,Rafik HALLICHE,Defender,5,27,02.09.1986,187,28,1,False
181930,Jorge GUAGUA,Defender,2,32,28.09.1981,179,58,2,True
288961,Ehsan HAJI SAFI,Midfielder,3,24,25.02.1990,177,58,2,True
181698,Aldo RAMIREZ,Midfielder,5,33,18.04.1981,175,29,1,False
278732,Aurelien CHEDJOU,Defender,14,28,20.06.1985,185,29,1,False
286481,Maximiliano PEREIRA,Defender,16,30,08.06.1984,173,89,3,False
356711,Azubuike EGWUEKWE,Defender,6,24,16.07.1989,195,31,1,True
200199,JOAO MOUTINHO,Midfielder,8,27,08.09.1986,170,66,2,False
358099,Senad LULIC,Midfielder,16,28,18.01.1986,183,33,1,False
213879,Maynor FIGUEROA,Defender,3,31,02.05.1983,184,100,3,False
268474,Atsuto UCHIDA,Defender,2,26,27.03.1988,176,67,2,False
216646,Blerim DZEMAILI,Midfielder,15,28,12.04.1986,179,34,1,False
290864,Toby ALDERWEIRELD,Defender,2,25,02.03.1989,186,34,1,False
356459,Godfrey OBOABONA,Defender,14,23,16.09.1990,183,34,1,False
216642,Reto ZIEGLER,Defender,3,28,16.01.1986,183,35,1,False
296303,Juan Carlos GARCIA,Defender,6,26,08.03.1988,175,35,1,False
175512,Kyle BECKERMAN,Midfielder,15,32,23.04.1982,181,36,1,True
349578,Frickson ERAZO,Defender,3,26,05.05.1988,189,36,1,False
273291,Efe AMBROSE,Defender,5,25,18.10.1988,190,36,1,False
289027,Makoto HASEBE,Midfielder,17,30,18.01.1984,180,78,2,False
291329,Ismael TIOTE,Midfielder,9,27,21.06.1986,175,42,1,False
216645,Johan DJOUROU,Defender,20,27,18.01.1987,192,44,1,False
229436,Carlos CARMONA,Midfielder,6,27,21.02.1987,179,44,1,False
185359,Diego PEREZ,Midfielder,15,34,18.05.1980,176,89,2,False
237071,Boniek GARCIA,Midfielder,14,29,04.09.1984,176,90,2,False
197409,Matt McKAY,Midfielder,17,31,11.01.1983,174,46,1,True
207924,James MILNER,Midfielder,17,28,04.01.1986,175,46,1,True
238381,Samuel INKOOM,Defender,2,25,01.06.1989,179,46,1,False
183798,Roy MILLER,Defender,19,29,24.11.1984,189,47,1,False
182372,Javier MASCHERANO,Midfielder,14,30,08.06.1984,171,96,2,False
216880,Thomas VERMAELEN,Defender,3,28,14.11.1985,178,48,1,False
228351,Alexandros TZIOLIS,Midfielder,6,29,13.02.1985,190,49,1,False
229443,Juan ZUNIGA,Defender,18,28,14.12.1985,171,49,1,False
197464,Glen JOHNSON,Defender,2,29,23.08.1984,180,51,1,True
200213,Pablo ARMERO,Defender,7,27,02.11.1986,174,52,1,False
238112,Hector MORENO,Defender,15,26,17.01.1988,182,52,1,False
267829,Martin CACERES,Defender,22,27,07.04.1987,178,56,1,False
209940,Junior DIAZ,Defender,15,30,12.09.1983,185,61,1,False
276131,Walter GARGANO,Midfielder,5,29,23.07.1984,168,62,1,False
230117,Emilio IZAGUIRRE,Midfielder,7,28,10.05.1986,177,65,1,False
216964,Nigel DE JONG,Midfielder,6,29,30.11.1984,174,70,1,False
198489,Arthur BOKA,Defender,3,31,02.04.1983,166,77,1,False
184373,Yasuyuki KONNO,Defender,15,31,25.01.1983,178,80,1,True
208120,Michael UMANA,Defender,4,31,16.07.1982,180,81,1,True
209960,Francisco RODRIGUEZ,Defender,2,32,20.10.1981,191,92,1,True
176971,Didier ZOKORA,Defender,5,33,14.12.1980,183,119,1,False
94918,Faryd MONDRAGON,Goalkeeper,22,43,21.06.1971,191,50,0,True
178185,Noel VALLADARES,Goalkeeper,18,37,03.05.1977,178,120,0,True
159304,Gianluigi BUFFON,Goalkeeper,1,36,28.01.1978,190,139,0,True
179048,Stipe PLETIKOSA,Goalkeeper,1,35,08.01.1979,193,110,0,False
178420,Tim HOWARD,Goalkeeper,1,35,06.03.1979,187,98,0,False
182021,Mickael LANDREAU,Goalkeeper,23,35,14.05.1979,184,11,0,True
184982,Nick RIMANDO,Goalkeeper,22,35,17.06.1979,182,14,0,True
178958,Boubacar BARRY,Goalkeeper,1,34,30.12.1979,180,76,0,False
179038,JULIO CESAR,Goalkeeper,12,34,03.09.1979,179,79,0,False
367333,Sergey RYZHIKOV,Goalkeeper,16,33,19.09.1980,192,1,0,True
358097,Asmir AVDUKIC,Goalkeeper,22,33,13.05.1981,190,3,0,True
195223,Roman WEIDENFELLER,Goalkeeper,22,33,06.08.1980,188,2,0,True
209168,Eugene GALEKOVIC,Goalkeeper,18,33,12.06.1981,186,8,0,True
214377,Andrea BARZAGLI,Defender,15,33,08.05.1981,186,47,0,True
176644,Iker CASILLAS,Goalkeeper,1,33,20.05.1981,185,153,0,True
215484,Loukas VYNTRA,Defender,11,33,05.02.1981,184,49,0,False
178630,Johnny HERRERA,Goalkeeper,23,33,09.05.1981,183,7,0,True
298516,Rahman AHMADI,Goalkeeper,1,33,30.07.1980,182,11,0,True
356612,Hugo CAMPAGNARO,Defender,3,33,27.06.1980,181,13,0,False
213871,Donis ESCOBER,Goalkeeper,22,33,03.02.1981,180,20,0,True
195231,Jose CORONA,Goalkeeper,1,33,26.01.1981,178,32,0,True
212246,Patrice EVRA,Defender,3,33,15.05.1981,171,57,0,False
215471,Vangelis MORAS,Defender,5,32,26.08.1981,193,18,0,False
274703,Agustin ORION,Goalkeeper,12,32,26.07.1981,190,3,0,True
214404,BETO,Goalkeeper,22,32,01.05.1982,183,7,0,False
181951,Brad DAVIS,Midfielder,14,32,08.11.1981,180,16,0,True
214874,Patrick PEMBERTON,Goalkeeper,18,32,24.04.1982,178,20,0,True
207809,MAXWELL,Defender,14,32,27.08.1981,177,8,0,False
210702,Danijel PRANJIC,Defender,3,32,02.12.1981,172,49,0,False
286238,Egidio AREVALO,Midfielder,17,32,01.01.1982,168,54,0,False
309426,VICTOR,Goalkeeper,22,31,21.01.1983,195,6,0,True
253999,Ben FOSTER,Goalkeeper,13,31,03.04.1983,193,6,0,True
184320,JEFFERSON,Goalkeeper,1,31,02.01.1983,190,9,0,True
175546,Alfredo TALAVERA,Goalkeeper,12,31,18.09.1982,188,14,0,True
175413,Pepe REINA,Goalkeeper,23,31,31.08.1982,187,32,0,False
299066,EDUARDO,Goalkeeper,1,31,19.09.1982,187,33,0,True
175629,Martin SILVA,Goalkeeper,23,31,25.03.1983,187,4,0,False
216990,Charles ITANDJE,Goalkeeper,16,31,02.11.1982,185,9,0,False
202650,Claudio BRAVO,Goalkeeper,1,31,13.04.1983,185,79,0,False
198117,Eiji KAWASHIMA,Goalkeeper,1,31,20.03.1983,185,56,0,False
189300,Vincent ENYEAMA,Goalkeeper,1,31,29.08.1982,185,90,0,False
196620,Steve VON BERGEN,Defender,5,31,10.06.1983,183,41,0,True
254141,Bacary SAGNA,Defender,15,31,14.02.1983,175,40,0,False
275793,Oscar BAGUI,Defender,18,31,10.12.1982,170,21,0,True
196633,Diego BENAGLIO,Goalkeeper,1,30,08.09.1983,195,57,0,False
306144,Mariano ANDUJAR,Goalkeeper,21,30,30.07.1983,194,10,0,False
349832,Jose Maria BASANTA,Defender,23,30,03.04.1984,188,8,0,False
184856,Austine EJIDE,Goalkeeper,16,30,08.04.1984,186,31,0,False
299904,Mensur MUJDZA,Midfielder,13,30,28.03.1984,184,24,0,False
254089,Michel VORM,Goalkeeper,22,30,20.10.1983,183,14,0,False
354873,Mehdi MOSTEFA,Midfielder,22,30,30.08.1983,182,22,0,False
216432,Yury ZHIRKOV,Forward,18,30,20.08.1983,180,60,0,True
306180,Benoit ASSOU EKOTTO,Defender,2,30,24.03.1984,178,21,0,False
329737,Ghasem HADADIFAR,Midfielder,11,30,12.07.1983,178,16,0,True
254091,Paul VERHAEGH,Defender,12,30,01.09.1983,178,2,0,False
358893,Andrey ESHCHENKO,Defender,22,30,09.02.1984,177,11,0,True
216438,Igor DENISOV,Midfielder,7,30,17.05.1984,176,43,0,True
317072,Henri BEDIMO,Defender,12,30,04.06.1984,176,30,0,False
321682,Medhi LACEN,Midfielder,8,30,15.03.1984,175,29,0,False
202280,Luis SARITAMA,Midfielder,19,30,20.10.1983,175,48,0,True
306206,Khosro HEYDARI,Forward,2,30,14.09.1983,175,47,0,True
214571,Rio MAVUBA,Midfielder,12,30,08.03.1984,172,11,0,True
214407,JOAO PEREIRA,Defender,21,30,25.02.1984,172,35,0,False
276139,Brad GUZAN,Goalkeeper,12,29,09.09.1984,193,25,0,False
357990,Gordon SCHILDENFELD,Defender,13,29,18.03.1985,191,21,0,False
299887,Danijel SUBASIC,Goalkeeper,23,29,27.10.1984,191,6,0,False
198546,JUNG Sungryong,Goalkeeper,1,29,04.01.1985,190,60,0,True
297230,Osman CHAVEZ,Defender,2,29,29.07.1984,187,54,0,False
182479,Chigozie AGBIM,Goalkeeper,21,29,28.11.1984,187,14,0,True
305708,Mohamed ZEMMAMOUCHE,Goalkeeper,16,29,19.03.1985,187,7,0,True
378836,Marco PAROLO,Midfielder,18,29,25.01.1985,186,3,0,True
182620,Alex WILKINSON,Defender,22,29,13.08.1984,183,2,0,False
229450,Gabriel ACHILIER,Defender,21,29,24.03.1985,183,22,0,True
356166,Cedric SI MOHAMMED,Goalkeeper,1,29,09.01.1985,182,1,0,True
298676,HA Daesung,Midfielder,8,29,02.03.1985,182,13,0,False
299064,RUBEN AMORIM,Midfielder,20,29,27.01.1985,180,11,0,True
376071,Fatawu DAUDA,Goalkeeper,16,29,06.04.1985,180,17,0,False
323339,Djamel MESBAH,Defender,6,29,09.10.1984,179,26,0,False
367555,Die SEREY,Midfielder,20,29,07.11.1984,179,6,0,False
276132,Jorge FUCILE,Defender,4,29,19.11.1984,177,41,0,False
182379,Pablo ZABALETA,Defender,4,29,16.01.1985,174,36,0,False
228912,Manuel NEUER,Goalkeeper,1,28,27.03.1986,193,45,0,True
229498,Fernando MUSLERA,Goalkeeper,1,28,16.06.1986,190,57,0,False
228328,Orestis KARNEZIS,Goalkeeper,1,28,11.07.1985,189,18,0,False
302630,Maximo BANGUERA,Goalkeeper,1,28,16.12.1985,187,24,0,True
233333,Gabriel PALETTA,Defender,20,28,15.02.1986,187,2,0,True
216820,Raul ALBIOL,Defender,2,28,04.09.1985,187,46,0,False
323326,Rais MBOLHI,Goalkeeper,23,28,25.04.1986,186,27,0,False
215017,Igor AKINFEEV,Goalkeeper,1,28,08.04.1986,185,68,0,True
358012,Laurent KOSCIELNY,Defender,21,28,10.09.1985,185,17,0,False
215285,Guillermo OCHOA,Goalkeeper,13,28,13.07.1985,185,56,0,False
214581,Shusaku NISHIKAWA,Goalkeeper,12,28,18.06.1986,183,12,0,True
301165,Oscar GRANADOS,Midfielder,13,28,25.10.1985,183,11,0,True
200259,Dany NOUNKEU,Defender,5,28,11.04.1986,183,15,0,False
280487,Carlos SANCHEZ,Midfielder,6,28,06.02.1986,182,43,0,False
359997,Avdija VRSAJEVIC,Midfielder,2,28,06.03.1986,182,13,0,False
199160,Daniel CAMBRONERO,Goalkeeper,23,28,08.01.1986,181,2,0,True
290822,Laurent CIMAN,Defender,23,28,05.08.1985,180,8,0,True
278126,KIM Changsoo,Defender,2,28,12.09.1985,179,8,0,False
349582,Francisco SILVA,Midfielder,5,28,11.02.1986,178,11,0,False
201001,Fernando GAGO,Midfielder,5,28,10.04.1986,178,47,0,True
200133,Lucas BIGLIA,Midfielder,6,28,30.01.1986,175,17,0,False
268911,Toshihiro AOYAMA,Midfielder,14,28,22.02.1986,174,5,0,True
200205,VIEIRINHA,Forward,10,28,24.01.1986,170,7,0,False
303419,Alexander DOMINGUEZ,Goalkeeper,22,27,05.06.1987,196,18,0,True
266783,Sergio ROMERO,Goalkeeper,1,27,22.02.1987,192,45,0,False
299956,Joe HART,Goalkeeper,1,27,19.04.1987,191,40,0,True
360111,Panagiotis GLYKOS,Goalkeeper,12,27,10.10.1986,190,2,0,True
298655,Salvatore SIRIGU,Goalkeeper,12,27,12.01.1987,190,8,0,False
271043,DAVID LUIZ,Defender,4,27,22.04.1987,189,35,0,False
359448,Stephane RUFFIER,Goalkeeper,16,27,27.09.1986,188,2,0,True
297105,Hugo LLORIS,Goalkeeper,1,27,26.12.1986,188,56,0,False
200209,Cristian ZAPATA,Defender,2,27,30.09.1986,187,23,0,False
200130,Ezequiel GARAY,Defender,2,27,10.10.1986,186,18,0,False
291332,Ousmane DIARRASSOUBA,Defender,2,27,21.12.1986,186,1,0,False
298613,HENRIQUE,Defender,15,27,14.10.1986,186,5,0,False
369983,Aleksei KOZLOV,Defender,2,27,25.12.1986,185,10,0,True
358046,Vladimir GRANAT,Defender,13,27,22.05.1987,184,4,0,True
199175,Keylor NAVAS,Goalkeeper,1,27,15.12.1986,184,52,0,False
367433,Matt BESLER,Defender,5,27,11.02.1987,182,16,0,True
329745,Hossein MAHINI,Defender,13,27,16.09.1986,182,21,0,True
363578,LEE Yong,Defender,12,27,24.12.1986,180,11,0,True
267344,Mehrdad POOLADI,Defender,23,27,26.02.1987,180,19,0,True
298662,Antonio CANDREVA,Midfielder,6,27,28.02.1987,180,19,0,True
296312,Edder DELGADO,Midfielder,12,27,20.11.1986,179,26,0,True
321731,Ioannis MANIATIS,Midfielder,2,27,12.10.1986,178,29,0,True
359375,SAMMIR,Midfielder,19,27,23.04.1987,178,5,0,False
379889,Steven BEITASHOUR,Defender,20,27,01.02.1987,178,6,0,False
240718,Constant DJAKPA,Defender,18,27,17.10.1986,177,4,0,False
268411,PARK Jooho,Defender,22,27,16.01.1987,174,13,0,False
294626,Harrison AFFUL,Defender,23,27,24.07.1986,168,40,0,False
362881,Fraser FORSTER,Goalkeeper,22,26,17.03.1988,201,1,0,False
230121,Asmir BEGOVIC,Goalkeeper,1,26,20.06.1987,198,30,0,False
346763,Alireza HAGHIGHI,Goalkeeper,12,26,02.05.1988,193,4,0,False
298738,Simon MIGNOLET,Goalkeeper,12,26,06.03.1988,193,14,0,False
379888,Daniel DAVARI,Goalkeeper,22,26,06.01.1988,193,4,0,False
232760,Tim KRUL,Goalkeeper,23,26,03.04.1988,193,5,0,False
353237,Adam KWARASEY,Goalkeeper,12,26,12.12.1987,190,21,0,False
359436,EDER,Forward,11,26,22.12.1987,190,7,0,True
269768,RUI PATRICIO,Goalkeeper,12,26,15.02.1988,189,29,0,True
349631,Ricardo ALVAREZ,Midfielder,19,26,12.04.1988,188,5,0,False
354883,Liassine CADAMURO,Defender,17,26,05.03.1988,187,6,0,False
299090,Sokratis PAPASTATHOPOULOS,Defender,19,26,09.06.1988,186,47,0,False
359428,LUIS NETO,Defender,14,26,26.05.1988,186,7,0,False
360109,Panagiotis KONE,Midfielder,8,26,26.07.1987,184,15,0,False
319298,Georgios TZAVELAS,Defender,3,26,26.11.1987,183,13,0,True
200261,Alexandre SONG,Midfielder,6,26,09.09.1987,183,46,0,False
228624,Cristopher TOSELLI,Goalkeeper,12,26,15.06.1988,181,4,0,True
370062,Ivan FRANJIC,Defender,2,26,10.09.1987,180,8,0,True
349576,Juan PAREDES,Defender,4,26,08.07.1987,179,37,0,True
361222,Adam LALLANA,Midfielder,20,26,10.05.1988,179,4,0,True
228942,Alessio CERCI,Forward,11,26,23.07.1987,177,11,0,True
298677,Jonathan DE GUZMAN,Midfielder,8,26,13.09.1987,174,10,0,False
355023,Allan NYOM,Defender,22,26,10.05.1988,170,9,0,False
379264,Jose VAZQUEZ,Midfielder,23,26,14.03.1988,164,4,0,True
234405,Omar GONZALEZ,Defender,3,25,11.10.1988,195,19,0,True
299442,Jerome BOATENG,Defender,20,25,03.09.1988,192,38,0,True
359993,Toni SUNJIC,Defender,15,25,15.12.1988,192,7,0,False
379985,Andrey SEMENOV,Defender,5,25,24.03.1989,191,1,0,True
356933,Mitch LANGERAK,Goalkeeper,12,25,22.08.1988,191,3,0,False
353379,Reza HAGHIGHI,Midfielder,8,25,01.02.1989,190,7,0,True
362649,Andreas SAMARIS,Midfielder,22,25,13.06.1989,190,4,0,True
270714,Javi MARTINEZ,Midfielder,4,25,02.09.1988,190,16,0,False
367558,Sylvain GBOHOUO,Goalkeeper,16,25,29.10.1988,190,2,0,True
303034,Sergio BUSQUETS,Midfielder,16,25,16.07.1988,189,65,0,True
229051,Matthew SPIRANOVIC,Defender,6,25,27.06.1988,188,17,0,True
349568,Adrian BONE,Goalkeeper,12,25,08.09.1988,188,3,0,True
367920,Diego COSTA,Forward,19,25,07.10.1988,188,3,0,True
321734,Shuichi GONDA,Goalkeeper,23,25,03.03.1989,187,2,0,True
302381,Ron-Robert ZIELER,Goalkeeper,12,25,12.02.1989,187,3,0,True
358738,Jasper CILLESSEN,Goalkeeper,1,25,22.04.1989,187,7,0,True
358694,Kevin GROSSKREUTZ,Defender,2,25,19.07.1988,186,4,0,True
312987,Oscar DUARTE,Defender,6,25,03.06.1989,184,10,0,False
228686,David OSPINA,Goalkeeper,1,25,31.08.1988,183,43,0,False
319460,Yann SOMMER,Goalkeeper,12,25,17.12.1988,183,6,0,True
295149,James HOLLAND,Midfielder,16,25,15.05.1989,180,13,0,False
291398,PARK Jongwoo,Midfielder,15,25,10.03.1989,180,10,0,False
332293,Giovanni SIO,Forward,21,25,31.03.1989,180,7,0,False
228691,Alexander MEJIA,Midfielder,15,25,11.07.1988,179,8,0,True
358881,Alexey IONOV,Forward,21,25,18.02.1989,178,5,0,True
350129,Miguel PONCE,Defender,16,25,12.04.1989,175,7,0,True
312234,Oliver BOZANIC,Midfielder,13,25,08.01.1989,167,3,0,False
356748,Chris SMALLING,Defender,12,24,22.11.1989,194,11,0,True
318688,Marcos ROJO,Defender,16,24,20.03.1990,189,20,0,False
311850,Mohammed RABIU,Midfielder,17,24,31.12.1989,189,16,0,False
319436,Leroy FER,Midfielder,18,24,05.01.1990,188,5,0,False
317056,Moussa SISSOKO,Midfielder,18,24,16.08.1989,187,16,0,False
356189,Jordan HENDERSON,Midfielder,14,24,17.06.1990,187,9,0,True
319428,Daryl JANMAAT,Defender,7,24,22.07.1989,186,15,0,True
367343,Yury LODYGIN,Goalkeeper,12,24,26.05.1990,186,2,0,True
359995,Ognjen VRANJES,Defender,6,24,24.10.1989,186,13,0,False
365556,Timmy CHANDLER,Defender,21,24,29.03.1990,186,12,0,False
306410,Ryan McGOWAN,Defender,19,24,15.08.1989,185,9,0,False
290931,Nicolas NKOULOU,Defender,3,24,27.03.1990,185,47,0,False
350003,Hiroki SAKAI,Defender,21,24,12.04.1990,185,17,0,False
306780,Ciro IMMOBILE,Forward,17,24,20.02.1990,184,2,0,True
374529,Anel HADZIC,Midfielder,21,24,16.08.1989,184,2,0,False
274329,HAN Kookyoung,Midfielder,14,24,19.04.1990,183,9,0,False
274283,YUN Sukyoung,Defender,3,24,13.02.1990,182,3,0,False
356518,HWANG Seokho,Defender,6,24,27.06.1989,182,3,0,False
288824,Matteo DARMIAN,Defender,4,24,02.12.1989,182,1,0,True
329092,Hector HERRERA,Midfielder,6,24,19.04.1990,180,12,0,False
319432,Daley BLIND,Defender,5,24,09.03.1990,180,11,0,True
370438,Sammy NDJOCK,Goalkeeper,23,24,25.02.1990,178,2,0,False
270948,Cesar AZPILICUETA,Midfielder,22,24,28.08.1989,178,6,0,False
323574,Stephen ADAMS,Goalkeeper,1,24,28.09.1989,177,6,0,True
365747,Edin VISCA,Forward,19,24,17.02.1990,172,10,0,False
366309,Yacine BRAHIMI,Midfielder,11,24,08.02.1990,171,5,0,False
350124,Javier AQUINO,Midfielder,20,24,11.02.1990,166,21,0,False
305382,Sebastian COATES,Defender,19,23,07.10.1990,196,14,0,True
319413,Panagiotis TACHTSIDIS,Midfielder,23,23,15.02.1991,194,5,0,False
380069,Christoph KRAMER,Midfielder,23,23,19.02.1991,189,2,0,True
319340,Eliaquim MANGALA,Defender,13,23,13.02.1991,188,3,0,False
274281,KIM Seunggyu,Goalkeeper,21,23,30.09.1990,187,5,0,True
368009,Ebenezer ODUNLAMI,Defender,12,23,30.04.1991,187,11,0,True
336434,Clement GRENIER,Midfielder,22,23,07.01.1991,186,5,0,True
323556,Konstantinos MANOLAS,Defender,4,23,14.06.1991,186,8,0,True
370523,Mathis BOLLY,Midfielder,6,23,14.11.1990,185,3,0,False
375453,ANDRE ALMEIDA,Defender,19,23,10.09.1990,185,3,0,True
356710,Ruben GABRIEL,Midfielder,4,23,25.09.1990,184,10,0,False
364088,Faouzi GHOULAM,Defender,3,23,01.02.1991,184,5,0,False
356712,Juwon OSHANIWA,Defender,13,23,14.09.1990,184,9,0,False
312116,Gaston RAMIREZ,Midfielder,18,23,02.12.1990,183,28,0,False
358869,Georgy SHCHENNIKOV,Defender,3,23,27.04.1991,179,3,0,True
379942,Riyad MAHREZ,Forward,21,23,21.02.1991,179,1,0,False
321736,Gotoku SAKAI,Defender,3,23,14.03.1991,176,12,0,False
379974,Waylon FRANCIS,Defender,12,23,20.09.1990,175,1,0,False
356466,Hotaru YAMAGUCHI,Midfielder,16,23,06.10.1990,173,11,0,True
371042,Isaac BRIZUELA,Midfielder,17,23,28.08.1990,173,7,0,True
269071,Daniel OPARE,Defender,4,23,18.10.1990,172,16,0,False
336869,Alex IBARRA,Midfielder,5,23,20.01.1991,171,17,0,False
270400,Luis GARRIDO,Midfielder,19,23,05.11.1990,170,19,0,True
358106,Thibaut COURTOIS,Goalkeeper,1,22,11.05.1992,198,16,0,False
320375,Joel MATIP,Midfielder,21,22,08.08.1991,194,22,0,False
313021,Stefan DE VRIJ,Defender,3,22,05.02.1992,190,11,0,True
379808,Tino Sven SUSIC,Midfielder,14,22,13.02.1992,186,2,0,False
376349,WILLIAM,Midfielder,6,22,07.04.1992,185,3,0,True
358009,Phil JONES,Defender,16,22,21.02.1992,185,9,0,True
376285,Aissa MANDI,Defender,20,22,22.10.1991,184,2,0,False
358885,Maksim KANUNNIKOV,Forward,6,22,14.07.1991,184,2,0,True
336485,Sime VRSALJKO,Defender,2,22,10.01.1992,183,6,0,False
379952,Erik DURM,Defender,15,22,12.05.1992,183,1,0,True
313051,Joel VELTMAN,Defender,13,22,15.01.1992,183,2,0,True
339117,Maty RYAN,Goalkeeper,1,22,08.04.1992,181,6,0,False
379164,Ben HALLORAN,Forward,10,22,14.06.1992,180,1,0,False
306364,Jason DAVIDSON,Defender,3,22,29.06.1991,179,6,0,False
346731,Bakhtiar RAHMANI,Midfielder,18,22,23.09.1991,179,3,0,True
307541,Yeltsin TEJEDA,Midfielder,17,22,17.03.1992,179,22,0,True
355859,Loic FEUDJOU,Goalkeeper,1,22,14.04.1992,178,1,0,True
313410,KOKE,Midfielder,17,22,08.01.1992,178,7,0,True
330565,Jack WILSHERE,Midfielder,7,22,01.01.1992,172,16,0,True
315614,Santiago ARIAS,Defender,4,22,13.01.1992,171,5,0,False
358732,Jordy CLASIE,Midfielder,16,22,27.06.1991,169,8,0,True
380004,Sayouba MANDE,Goalkeeper,23,21,15.06.1993,193,1,0,False
373555,John BROOKS,Defender,6,21,28.01.1993,193,4,0,False
359440,Raphael VARANE,Defender,4,21,25.04.1993,191,5,0,False
308082,Diego REYES,Defender,5,21,19.09.1992,189,14,0,False
369546,Eder BALANTA,Defender,16,21,28.02.1993,181,2,0,False
313559,Ricardo RODRIGUEZ,Defender,13,21,25.08.1992,180,21,0,False
376360,Ismael DIOMANDE,Midfielder,14,21,28.08.1992,180,1,0,False
367557,Jean Daniel AKPA,Defender,7,21,11.10.1992,180,1,0,False
359223,Mattia DE SCIGLIO,Defender,2,21,20.10.1992,179,10,0,True
358101,Muhamed BESIC,Midfielder,7,21,10.09.1992,177,9,0,False
370522,Serge AURIER,Defender,17,21,24.12.1992,176,7,0,False
339116,Massimo LUONGO,Midfielder,21,21,25.09.1992,176,1,0,False
380060,Cedric DJEUGOUE,Defender,4,21,28.08.1992,175,3,0,True
368708,RAFA,Forward,15,21,17.05.1993,173,2,0,True
315436,Ramon AZEEZ,Midfielder,15,21,12.12.1992,170,1,0,False
356704,Juan QUINTERO,Midfielder,20,21,18.01.1993,168,4,0,False
312014,Michael BABATUNDE,Forward,18,21,24.12.1992,165,4,0,False
336791,Edgar SALLI,Midfielder,20,21,17.08.1992,163,8,0,False
370469,Rashid SUMAILA,Defender,15,21,18.12.1992,160,8,0,False
362645,Stefanos KAPINO,Goalkeeper,13,20,18.03.1994,196,2,0,True
379736,Matthias GINTER,Defender,3,20,19.01.1994,187,2,0,True
369392,Ross BARKLEY,Midfielder,21,20,05.12.1993,185,4,0,True
315424,Kenneth OMERUO,Defender,22,20,17.10.1993,185,17,0,False
376230,Sead KOLASINAC,Defender,5,20,20.06.1993,183,4,0,False
336085,Terence KONGOLO,Defender,14,20,14.02.1994,183,1,0,True
339987,Mateo KOVACIC,Midfielder,20,20,06.05.1994,181,9,0,False
368860,Lucas DIGNE,Defender,17,20,20.07.1993,179,2,0,True
336098,Memphis DEPAY,Forward,21,20,13.02.1994,178,6,0,True
368973,DeAndre YEDLIN,Defender,2,20,09.07.1993,175,4,0,True
379939,Nabil BENTALEB,Midfielder,14,19,24.11.1994,189,2,0,False
379911,Divock ORIGI,Forward,17,19,18.04.1995,185,1,0,False
368655,Jose GIMENEZ,Defender,13,19,20.01.1995,184,5,0,False
369094,Julian GREEN,Midfielder,16,19,06.06.1995,172,2,0,False
332827,Carlos GRUEZO,Midfielder,23,19,19.04.1995,171,2,0,False
336043,Raheem STERLING,Midfielder,19,19,08.12.1994,170,3,0,True
336450,Luke SHAW,Defender,23,18,12.07.1995,184,1,0,True
319482,Rodrigo MUNOZ,Goalkeeper,12,32,22.01.1982,185,0,0,False
367415,Jasmin FEJZIC,Goalkeeper,12,28,15.05.1986,198,0,0,False
380663,Sammy BOSSUT,Goalkeeper,13,28,11.08.1985,187,0,0,True
306818,LEE Bumyoung,Goalkeeper,23,25,02.04.1989,199,0,0,True
360642,Camilo VARGAS,Goalkeeper,12,25,09.03.1989,185,0,0,True
269859,David DE GEA,Goalkeeper,12,23,07.11.1990,190,0,0,False
356676,Roman BUERKI,Goalkeeper,21,23,14.11.1990,188,0,0,True
369026,Oliver ZELENIKA,Goalkeeper,12,21,14.05.1993,192,0,0,True
309420,Mattia PERIN,Goalkeeper,13,21,10.11.1992,188,0,0,True
379165,Bailey WRIGHT,Defender,8,21,28.07.1992,184,0,0,False
369050,Ivan MOCINIC,Midfielder,15,21,30.04.1993,180,0,0,True
380000,Marcelo BROZOVIC,Midfielder,14,21,16.11.1992,180,0,0,True
380009,Luis LOPEZ,Goalkeeper,1,20,13.09.1993,182,0,0,True
379910,Adnan JANUZAJ,Midfielder,20,19,05.02.1995,180,0,0,False
